City,Lat,Lng,Max Temp,Humidity,Cloudiness,Current Description,Wind Speed,Country,Date
trairi,-3.2778,-39.2689,78.48,90,65,broken clouds,8.7,BR,1651175919
santa maria,-29.6842,-53.8069,63.7,88,75,broken clouds,2.3,BR,1651175920
bengkulu,-3.8004,102.2655,77.25,87,100,light rain,3.62,ID,1651175920
zaporizhzhya,47.8167,35.1833,55.74,53,49,scattered clouds,10.85,UA,1651175749
kruisfontein,-34.0033,24.7314,56.88,65,18,few clouds,3.22,ZA,1651175921
rikitea,-23.1203,-134.9692,76.86,70,20,light rain,22.26,PF,1651175921
rocha,-34.4833,-54.3333,58.84,58,0,clear sky,15.21,UY,1651175922
noumea,-22.2763,166.4572,75.99,99,100,overcast clouds,14.83,NC,1651175922
yellowknife,62.456,-114.3525,37.92,52,75,broken clouds,18.41,CA,1651175647
sakaiminato,35.55,133.2333,55.38,88,75,broken clouds,9.22,JP,1651175923
hilo,19.7297,-155.09,82.27,80,19,few clouds,5.99,US,1651175923
ribeira grande,38.5167,-28.7,63.0,94,75,light intensity drizzle rain,10.36,PT,1651175924
ushuaia,-54.8,-68.3,44.26,70,40,scattered clouds,36.82,AR,1651175900
vaini,-21.2,-175.2,77.16,73,40,scattered clouds,10.36,TO,1651175925
moerai,-22.4333,-151.3333,80.1,74,0,clear sky,19.04,PF,1651175925
victoria,22.2855,114.1577,82.18,87,19,few clouds,4.0,HK,1651175685
port-gentil,-0.7193,8.7815,80.56,89,20,few clouds,5.75,GA,1651175926
busselton,-33.65,115.3333,56.68,75,53,broken clouds,5.84,AU,1651175926
thompson,55.7435,-97.8558,46.56,42,75,broken clouds,9.22,CA,1651175781
merced,37.1666,-120.7516,67.05,41,0,clear sky,8.66,US,1651175927
kapaa,22.0752,-159.319,78.78,85,32,scattered clouds,4.0,US,1651175927
carnarvon,-24.8667,113.6333,60.87,77,0,clear sky,10.36,AU,1651175928
albany,42.6001,-73.9662,53.17,21,6,clear sky,7.0,US,1651175629
nanortalik,60.1432,-45.2371,38.82,82,100,overcast clouds,2.51,GL,1651175929
axim,4.8699,-2.2405,78.71,82,100,overcast clouds,3.02,GH,1651175929
hobart,-42.8794,147.3294,58.86,92,3,clear sky,10.36,AU,1651175929
fortuna,40.5982,-124.1573,59.94,61,40,scattered clouds,12.66,US,1651175930
hithadhoo,-0.6,73.0833,84.87,70,100,overcast clouds,7.34,MV,1651175930
pisco,-13.7,-76.2167,71.65,73,0,clear sky,6.91,PE,1651175931
bluff,-46.6,168.3333,47.12,88,58,broken clouds,6.49,NZ,1651175872
paamiut,61.994,-49.6678,36.48,94,100,light rain,18.79,GL,1651175931
ponta do sol,32.6667,-17.1,66.7,80,92,overcast clouds,3.49,PT,1651175932
zakharovo,54.366,39.2792,38.52,56,100,overcast clouds,6.04,RU,1651175932
upernavik,72.7868,-56.1549,19.56,86,27,scattered clouds,3.53,GL,1651175933
santa rosa,14.3122,121.1114,84.18,77,98,overcast clouds,9.6,PH,1651175933
kodiak,57.79,-152.4072,41.34,71,100,overcast clouds,13.53,US,1651175934
paita,-5.0892,-81.1144,73.74,73,56,broken clouds,15.43,PE,1651175934
punta arenas,-53.15,-70.9167,46.42,70,75,broken clouds,23.02,CL,1651175935
athabasca,54.7169,-113.2854,43.21,64,98,overcast clouds,15.52,CA,1651175935
kavieng,-2.5744,150.7967,82.33,75,100,overcast clouds,8.46,PG,1651175936
tura,25.5198,90.2201,74.16,82,0,clear sky,3.6,IN,1651175936
luderitz,-26.6481,15.1594,60.93,71,0,clear sky,7.58,NA,1651175937
upata,8.0086,-62.3989,82.18,69,98,overcast clouds,5.61,VE,1651175937
boddam,57.4667,-1.7833,52.18,77,100,overcast clouds,7.99,GB,1651175998
lianran,24.9227,102.485,59.54,40,4,clear sky,2.33,CN,1651175999
yulara,-25.2406,130.9889,75.04,35,100,overcast clouds,9.22,AU,1651175999
villa rica,33.7321,-84.9191,80.82,40,8,clear sky,6.33,US,1651176000
tiksi,71.6872,128.8694,-0.24,98,29,scattered clouds,5.86,RU,1651176000
esperance,-33.8667,121.9,51.64,74,75,light rain,11.77,AU,1651176001
saint-philippe,-21.3585,55.7679,74.79,81,26,scattered clouds,7.05,RE,1651176002
port hedland,-20.3167,118.5667,71.65,100,75,broken clouds,12.66,AU,1651176003
bay roberts,47.5999,-53.2648,46.65,78,100,overcast clouds,5.01,CA,1651176003
anadyr,64.75,177.4833,15.06,94,100,overcast clouds,3.4,RU,1651176004
dikson,73.5069,80.5464,9.73,92,93,overcast clouds,21.52,RU,1651176005
poronaysk,49.2167,143.1167,33.15,65,81,broken clouds,12.57,RU,1651176006
puerto ayora,-0.7393,-90.3518,80.56,76,19,few clouds,9.62,EC,1651175809
cidreira,-30.1811,-50.2056,66.42,90,100,light rain,4.47,BR,1651176007
fort nelson,58.8053,-122.7002,34.2,100,100,light snow,9.8,CA,1651176008
port alfred,-33.5906,26.891,66.31,58,2,clear sky,9.64,ZA,1651176009
sorland,67.667,12.6934,31.86,58,100,light snow,16.04,NO,1651175876
guozhen,34.3659,107.359,50.14,90,55,broken clouds,0.83,CN,1651176010
butaritari,3.0707,172.7902,81.52,79,100,overcast clouds,16.24,KI,1651176011
laguna,38.421,-121.4238,69.3,39,0,clear sky,8.05,US,1651176012
sur,22.5667,59.5289,88.03,50,91,overcast clouds,6.17,OM,1651176013
hermanus,-34.4187,19.2345,57.79,85,99,overcast clouds,6.78,ZA,1651176014
provideniya,64.3833,-173.3,29.95,79,47,scattered clouds,14.99,RU,1651176014
illapel,-31.6308,-71.1653,75.78,30,0,clear sky,7.45,CL,1651176015
hofn,64.2539,-15.2082,46.27,79,10,clear sky,6.6,IS,1651176015
atuona,-9.8,-139.0333,78.51,78,46,light rain,20.76,PF,1651176016
ledec,49.9745,15.5937,51.37,60,0,clear sky,4.61,CZ,1651176016
grindavik,63.8424,-22.4338,48.67,76,40,scattered clouds,12.66,IS,1651176017
pangai,-19.8,-174.35,79.38,73,99,overcast clouds,24.45,TO,1651176018
umm lajj,25.0213,37.2685,83.23,51,0,clear sky,8.55,SA,1651176018
bredasdorp,-34.5322,20.0403,57.54,94,53,broken clouds,1.74,ZA,1651175870
veranopolis,-28.9361,-51.5494,59.52,99,93,overcast clouds,2.44,BR,1651176019
port elizabeth,-33.918,25.5701,60.31,81,64,broken clouds,1.01,ZA,1651176015
ouesso,1.6136,16.0517,71.2,97,40,light rain,2.08,CG,1651176020
khani,41.9563,42.9566,45.97,95,100,overcast clouds,3.96,GE,1651176020
mataura,-46.1927,168.8643,40.6,99,16,few clouds,1.68,NZ,1651176020
shirokiy,49.758,129.523,35.04,61,18,few clouds,9.69,RU,1651176021
vila franca do campo,37.7167,-25.4333,63.19,95,100,moderate rain,29.26,PT,1651176021
iqaluit,63.7506,-68.5145,19.13,73,75,light snow,18.01,CA,1651176022
veraval,20.9,70.3667,82.8,75,0,clear sky,11.77,IN,1651176022
cape town,-33.9258,18.4232,60.91,86,20,few clouds,9.22,ZA,1651175787
coahuayana,18.7333,-103.6833,91.27,42,0,clear sky,8.57,MX,1651176023
acarau,-2.8856,-40.12,80.58,83,87,overcast clouds,10.94,BR,1651176023
new norfolk,-42.7826,147.0587,58.5,86,0,clear sky,3.47,AU,1651176024
hamilton,39.1834,-84.5333,64.24,47,86,overcast clouds,3.0,US,1651176000
lavrentiya,65.5833,-171.0,29.35,88,78,broken clouds,10.38,RU,1651176084
georgetown,5.4112,100.3354,80.55,88,20,few clouds,2.3,MY,1651175866
port hardy,50.6996,-127.4199,45.75,71,100,overcast clouds,4.18,CA,1651176085
iznoski,54.9881,35.3108,34.7,96,100,overcast clouds,1.86,RU,1651176085
ferreira do alentejo,38.05,-8.0333,60.44,56,29,scattered clouds,5.93,PT,1651176086
nemuro,43.3236,145.575,39.42,70,100,overcast clouds,15.66,JP,1651176086
katsuura,35.1333,140.3,59.34,85,100,overcast clouds,9.93,JP,1651176087
longyearbyen,78.2186,15.6401,10.24,52,40,scattered clouds,20.71,SJ,1651176017
berlevag,70.8578,29.0864,24.75,63,75,broken clouds,31.07,NO,1651176087
belmonte,-15.8631,-38.8828,76.95,84,5,clear sky,9.42,BR,1651176088
tasiilaq,65.6145,-37.6368,37.56,83,7,clear sky,6.49,GL,1651176088
tela,15.7833,-87.45,82.92,69,99,overcast clouds,8.19,HN,1651176089
brejo da madre de deus,-8.1458,-36.3711,75.74,70,89,overcast clouds,14.43,BR,1651176089
alanya,36.5438,31.9998,69.55,55,2,clear sky,2.82,TR,1651176013
sao filipe,14.8961,-24.4956,72.28,71,0,clear sky,11.68,CV,1651176090
arraial do cabo,-22.9661,-42.0278,84.16,65,0,clear sky,19.57,BR,1651175875
kristiinankaupunki,62.2743,21.376,32.45,87,15,few clouds,5.23,FI,1651176091
riyadh,24.6877,46.7219,74.93,49,100,overcast clouds,4.92,SA,1651176091
fairbanks,64.8378,-147.7164,51.1,44,80,broken clouds,1.01,US,1651175883
tuktoyaktuk,69.4541,-133.0374,12.67,90,98,overcast clouds,8.05,CA,1651176092
dunedin,-45.8742,170.5036,50.81,87,1,clear sky,1.01,NZ,1651175817
keffi,8.8486,7.8736,82.06,56,62,broken clouds,2.98,NG,1651176093
waipawa,-41.4122,175.5153,50.67,76,88,overcast clouds,2.84,NZ,1651176093
ulaangom,49.9811,92.0667,42.03,39,75,broken clouds,0.98,MN,1651176094
severo-kurilsk,50.6789,156.125,33.17,95,100,snow,19.8,RU,1651176094
saldanha,-33.0117,17.9442,59.25,91,0,clear sky,13.35,ZA,1651176094
pochutla,15.7432,-96.4661,92.82,50,43,scattered clouds,9.53,MX,1651176095
saint-joseph,-21.3667,55.6167,73.78,80,16,few clouds,3.74,RE,1651176095
khatanga,71.9667,102.5,10.58,95,97,overcast clouds,7.0,RU,1651176096
dawei,14.0833,98.2,78.69,90,100,moderate rain,3.53,MM,1651176096
sao joao da barra,-21.6403,-41.0511,78.08,82,19,few clouds,12.19,BR,1651176097
san jose,37.3394,-121.895,66.0,48,75,broken clouds,11.5,US,1651175823
ahipara,-35.1667,173.1667,57.78,86,7,clear sky,7.09,NZ,1651176097
oytal,42.9057,73.2697,55.83,45,90,overcast clouds,7.02,KZ,1651176098
pevek,69.7008,170.3133,19.76,97,100,overcast clouds,2.21,RU,1651176098
san pedro,14.35,121.0167,82.26,77,93,overcast clouds,9.62,PH,1651176099
petropavlovsk-kamchatskiy,53.0452,158.6483,32.59,100,75,light snow,6.71,RU,1651176099
lompoc,34.6391,-120.4579,72.79,58,0,clear sky,18.99,US,1651176085
vao,-22.6667,167.4833,71.91,78,100,overcast clouds,25.97,NC,1651176099
lebu,-37.6167,-73.65,54.18,68,9,clear sky,14.7,CL,1651176100
road town,18.4167,-64.6167,76.82,59,62,broken clouds,10.76,VG,1651176100
wajima,37.4,136.9,52.39,71,100,overcast clouds,17.18,JP,1651175806
bethel,41.3712,-73.414,56.57,30,7,clear sky,8.01,US,1651176101
cayenne,4.9333,-52.3333,87.84,1,40,scattered clouds,13.8,GF,1651176101
itacare,-14.2775,-38.9967,78.15,78,0,clear sky,5.99,BR,1651176102
florianopolis,-27.6146,-48.5012,81.12,81,40,scattered clouds,35.68,BR,1651176026
leshukonskoye,64.8989,45.7622,24.85,87,16,few clouds,7.54,RU,1651176162
kaspiyskiy,45.3929,47.3707,64.11,63,26,scattered clouds,4.85,RU,1651176163
hateg,45.6167,22.95,46.99,93,71,broken clouds,0.87,RO,1651176163
eravur,7.7733,81.6095,81.07,85,98,overcast clouds,4.9,LK,1651176164
resistencia,-27.4606,-58.9839,72.09,72,100,overcast clouds,8.63,AR,1651176164
yantal,56.8471,105.2542,25.79,94,88,overcast clouds,3.76,RU,1651176165
saint george,37.1041,-113.5841,84.63,12,0,clear sky,14.97,US,1651176166
moron,-34.6534,-58.6198,61.97,26,1,clear sky,7.56,AR,1651176166
caucaia,-3.7361,-38.6531,85.95,70,40,scattered clouds,11.5,BR,1651175995
east london,-33.0153,27.9116,66.24,52,0,clear sky,5.93,ZA,1651176167
bonthe,7.5264,-12.505,81.36,80,50,scattered clouds,8.72,SL,1651176167
mehamn,71.0357,27.8492,24.71,70,100,light snow,24.9,NO,1651176167
svetlogorsk,52.6333,29.7333,41.4,68,69,broken clouds,3.6,BY,1651176168
maragogi,-9.0122,-35.2225,78.82,80,100,overcast clouds,10.78,BR,1651176168
saint-hubert,50.05,5.3833,51.62,86,100,overcast clouds,6.04,BE,1651176169
portland,45.5234,-122.6762,55.49,78,100,light rain,8.01,US,1651175952
kholm,59.2667,32.85,30.25,79,69,broken clouds,3.29,RU,1651176170
talnakh,69.4865,88.3972,10.0,93,100,overcast clouds,3.33,RU,1651176107
bambous virieux,-20.3428,57.7575,74.21,76,0,clear sky,2.77,MU,1651176035
salalah,17.0151,54.0924,82.45,80,31,scattered clouds,4.03,OM,1651176170
preston,53.7667,-2.7167,50.67,67,100,overcast clouds,4.83,GB,1651176112
sandwick,60.0,-1.25,46.22,93,75,light rain,4.61,GB,1651176171
cherskiy,68.75,161.3,15.69,95,100,overcast clouds,9.44,RU,1651176172
puri,19.8,85.85,82.92,88,4,clear sky,20.51,IN,1651175973
punakha,27.5837,89.8598,65.41,85,91,overcast clouds,2.21,BT,1651176172
mahebourg,-20.4081,57.7,74.25,94,20,few clouds,5.75,MU,1651176173
milkovo,54.7167,158.6167,32.07,91,100,overcast clouds,7.83,RU,1651176173
corinth,37.9407,22.9573,66.88,53,18,few clouds,2.37,GR,1651176174
mar del plata,-38.0023,-57.5575,51.87,78,35,scattered clouds,15.01,AR,1651176174
tawau,4.2498,117.8871,78.06,84,99,overcast clouds,2.64,MY,1651176174
isangel,-19.55,169.2667,77.95,74,100,moderate rain,20.15,VU,1651176175
kahului,20.8947,-156.47,80.83,75,35,scattered clouds,10.0,US,1651176175
mount gambier,-37.8333,140.7667,63.5,66,93,light rain,7.78,AU,1651176176
martin,27.0837,-80.4164,82.94,84,43,light rain,14.72,US,1651176176
emirdag,39.0197,31.15,59.54,65,43,scattered clouds,4.41,TR,1651176177
hokitika,-42.7167,170.9667,52.36,85,0,clear sky,4.59,NZ,1651176177
half moon bay,37.4636,-122.4286,66.06,61,0,clear sky,25.32,US,1651176177
piranshahr,36.701,45.1413,52.61,83,89,overcast clouds,3.53,IR,1651176178
norman wells,65.282,-126.8329,35.1,72,100,overcast clouds,5.08,CA,1651176178
necochea,-38.5473,-58.7368,52.72,59,87,light rain,19.1,AR,1651176007
olafsvik,64.8945,-23.7142,45.16,81,46,scattered clouds,9.53,IS,1651176179
lahaina,20.8783,-156.6825,79.84,79,35,scattered clouds,4.88,US,1651175959
geraldton,-28.7667,114.6,54.01,94,0,clear sky,4.61,AU,1651176179
taoudenni,22.6783,-3.9836,90.63,8,0,clear sky,5.61,ML,1651176180
kaitangata,-46.2817,169.8464,43.43,95,14,few clouds,3.58,NZ,1651175940
jamestown,42.097,-79.2353,47.52,39,0,clear sky,7.0,US,1651175945
angoche,-16.2325,39.9086,74.75,71,20,few clouds,10.51,MZ,1651176240
hasaki,35.7333,140.8333,54.28,74,99,overcast clouds,12.75,JP,1651176241
kemin,42.7846,75.6892,52.34,44,28,scattered clouds,11.14,KG,1651176242
salinopolis,-0.6136,-47.3561,80.51,82,95,overcast clouds,10.33,BR,1651175974
marshfield,44.6689,-90.1718,49.66,46,100,overcast clouds,13.8,US,1651176191
castro,-24.7911,-50.0119,68.77,84,91,overcast clouds,4.43,BR,1651176242
poya,-21.35,165.15,69.01,95,100,overcast clouds,8.81,NC,1651176243
jacareacanga,-6.2222,-57.7528,84.58,70,93,overcast clouds,4.5,BR,1651176243
krasnoyarka,55.3333,73.1167,60.75,42,100,overcast clouds,11.54,RU,1651176244
kutum,14.2,24.6667,82.15,10,100,overcast clouds,7.58,SD,1651176244
tarabuco,-19.1667,-64.9167,58.73,58,33,scattered clouds,13.06,BO,1651176245
shahr-e babak,30.1165,55.1186,65.43,20,54,broken clouds,5.97,IR,1651176245
ruteng,-8.6136,120.4721,62.53,92,51,broken clouds,1.86,ID,1651176245
kununurra,-15.7667,128.7333,75.18,88,99,overcast clouds,0.0,AU,1651176246
peleduy,59.6289,112.7406,23.79,95,92,overcast clouds,3.6,RU,1651176246
oistins,13.0667,-59.5333,79.77,76,100,overcast clouds,15.64,BB,1651176247
salinas,36.6777,-121.6555,65.98,55,75,broken clouds,16.11,US,1651176247
alice,27.7523,-98.0697,89.04,55,75,broken clouds,19.57,US,1651176247
ambilobe,-13.2,49.05,72.93,96,31,scattered clouds,2.77,MG,1651176248
ciudad guayana,8.3533,-62.6528,85.51,68,94,overcast clouds,5.53,VE,1651176073
qaanaaq,77.484,-69.3632,30.38,88,100,light snow,4.76,GL,1651176248
saskylakh,71.9167,114.0833,23.45,95,100,overcast clouds,7.49,RU,1651176249
maamba,-17.3667,27.15,63.66,79,0,clear sky,2.93,ZM,1651176250
ancud,-41.8697,-73.8203,49.37,68,100,overcast clouds,1.34,CL,1651176250
kamarion,36.8,25.8167,64.74,84,3,clear sky,15.61,GR,1651176250
bulawayo,-20.15,28.5833,51.57,84,0,clear sky,5.59,ZW,1651176251
nikolskoye,59.7035,30.7861,36.81,62,100,overcast clouds,4.72,RU,1651176252
harper,4.375,-7.7169,80.55,82,91,overcast clouds,5.68,LR,1651176252
carutapera,-1.195,-46.02,78.46,90,100,overcast clouds,7.45,BR,1651176253
aleksandrov gay,50.147,48.5704,51.57,72,0,clear sky,9.69,RU,1651176254
gushikawa,26.3544,127.8686,78.39,89,40,scattered clouds,13.8,JP,1651176254
hovd,48.0056,91.6419,39.49,32,0,clear sky,0.2,MN,1651176254
ayan,56.45,138.1667,30.81,71,100,overcast clouds,11.25,RU,1651176255
dicabisagan,17.0818,122.4157,78.58,89,35,scattered clouds,4.36,PH,1651176256
beringovskiy,63.05,179.3167,20.62,96,88,overcast clouds,9.95,RU,1651176256
aklavik,68.2191,-135.0107,18.0,82,100,overcast clouds,6.17,CA,1651176032
yerbogachen,61.2767,108.0108,28.18,90,100,overcast clouds,4.76,RU,1651176257
mandalgovi,45.7625,106.2708,31.21,32,6,clear sky,14.52,MN,1651176257
chuy,-33.6971,-53.4616,63.97,58,0,clear sky,8.12,UY,1651176254
atikokan,48.7555,-91.6216,45.72,59,100,overcast clouds,8.84,CA,1651176258
cabo san lucas,22.8909,-109.9124,88.61,30,0,clear sky,11.5,MX,1651175992
seminole,28.7086,-81.2081,84.15,61,40,scattered clouds,16.11,US,1651176258
frontera,26.9333,-101.45,85.75,48,0,clear sky,9.22,MX,1651176259
cabedelo,-6.9811,-34.8339,80.58,78,31,scattered clouds,14.65,BR,1651176259
abapo,-18.8333,-63.4667,78.8,60,75,broken clouds,7.52,BO,1651176260
sambava,-14.2667,50.1667,76.19,83,24,few clouds,15.48,MG,1651176260
torbay,47.6666,-52.7314,45.88,88,99,overcast clouds,4.0,CA,1651176320
lima,-12.0432,-77.0282,70.0,76,72,broken clouds,6.76,PE,1651176321
belyy yar,53.6039,91.3903,39.09,52,45,scattered clouds,2.24,RU,1651176321
tazovskiy,67.4667,78.7,15.8,92,100,overcast clouds,6.53,RU,1651176322
alvdal,62.1077,10.6307,27.25,90,24,few clouds,3.06,NO,1651176322
meulaboh,4.1363,96.1285,77.41,90,56,broken clouds,3.31,ID,1651176322
abonnema,4.7084,6.7931,79.29,86,98,overcast clouds,3.6,NG,1651176323
avarua,-21.2078,-159.775,82.45,78,40,scattered clouds,11.5,CK,1651176323
corinto,37.9407,22.9573,66.88,53,18,few clouds,2.37,GR,1651176324
husavik,66.0449,-17.3389,44.11,62,26,scattered clouds,1.61,IS,1651176324
marienburg,54.0359,19.0266,40.12,64,22,few clouds,3.69,PL,1651176324
klaksvik,62.2266,-6.589,43.72,80,14,few clouds,5.21,FO,1651176325
key largo,25.0865,-80.4473,84.2,67,15,few clouds,9.6,US,1651176325
kuusamo,65.9667,29.1833,24.84,50,0,clear sky,3.44,FI,1651176326
sitka,57.0531,-135.33,49.89,57,20,few clouds,6.91,US,1651176326
kamenka,51.3223,42.7678,44.22,65,80,broken clouds,7.02,RU,1651176327
bathsheba,13.2167,-59.5167,84.81,74,20,few clouds,13.8,BB,1651176327
ballina,-28.8667,153.5667,67.01,99,93,overcast clouds,2.42,AU,1651176327
deming,32.2687,-107.7586,82.29,9,0,clear sky,10.36,US,1651176328
port lincoln,-34.7333,135.8667,61.77,89,100,overcast clouds,8.63,AU,1651176029
buchanan,5.8808,-10.0467,79.77,85,76,moderate rain,7.4,LR,1651176329
ilulissat,69.2167,-51.1,26.62,86,100,light shower snow,5.75,GL,1651176329
wakkanai,45.4094,141.6739,42.19,73,1,clear sky,14.7,JP,1651176330
olivenza,38.6832,-7.103,59.02,59,20,few clouds,5.93,ES,1651176330
namibe,-15.1961,12.1522,72.88,73,30,scattered clouds,5.55,AO,1651176331
airai,-8.9266,125.4092,57.33,88,91,overcast clouds,2.08,TL,1651176331
atar,20.5169,-13.0499,85.17,10,2,clear sky,9.57,MR,1651176332
svetlyy,54.675,20.1347,37.96,62,15,few clouds,1.61,RU,1651176332
starobaltachevo,56.0013,55.9213,39.31,64,100,overcast clouds,10.54,RU,1651176333
alofi,-19.0595,-169.9187,80.49,83,40,scattered clouds,12.66,NU,1651176333
cravo norte,6.3017,-70.2041,92.77,41,98,overcast clouds,1.99,CO,1651176333
forrest city,35.0081,-90.7898,75.09,39,72,broken clouds,9.91,US,1651176334
beryslav,46.8415,33.4284,55.06,59,33,scattered clouds,11.63,UA,1651176334
coachella,33.6803,-116.1739,86.27,18,0,clear sky,8.05,US,1651176335
ushtobe,45.2514,77.9838,57.22,31,0,clear sky,17.98,KZ,1651176335
coquimbo,-29.9533,-71.3436,65.32,64,0,clear sky,11.32,CL,1651176094
chokurdakh,70.6333,147.9167,-8.1,100,100,overcast clouds,3.87,RU,1651176186
sao miguel do araguaia,-13.275,-50.1628,86.99,52,3,clear sky,0.27,BR,1651176336
miranda,3.2499,-76.2281,69.93,71,46,scattered clouds,2.04,CO,1651176336
puerto colombia,10.9878,-74.9547,80.69,76,95,overcast clouds,17.25,CO,1651176337
brae,60.3964,-1.353,44.92,83,91,overcast clouds,4.41,GB,1651176337
mexico,15.0646,120.7198,80.31,83,100,overcast clouds,5.37,PH,1651176338
filadelfia,39.9523,-75.1638,59.56,22,0,clear sky,29.93,US,1651176338
san cristobal,7.7669,-72.225,77.18,54,77,broken clouds,3.04,VE,1651176339
goderich,43.7501,-81.7165,38.91,58,2,clear sky,14.5,CA,1651176339
quatre cocos,-20.2078,57.7625,74.08,77,0,clear sky,1.9,MU,1651176340
kavaratti,10.5669,72.642,84.54,76,87,overcast clouds,5.01,IN,1651176400
ostrovnoy,68.0531,39.5131,22.87,84,100,overcast clouds,17.34,RU,1651176401
rovaniemi,66.5,25.7167,29.61,43,0,clear sky,5.75,FI,1651176401
narsaq,60.9167,-46.05,52.02,64,100,overcast clouds,1.25,GL,1651176401
lang suan,9.9456,99.0785,79.03,88,25,scattered clouds,3.38,TH,1651176402
alta floresta,-9.8756,-56.0861,80.64,76,67,broken clouds,6.13,BR,1651176402
nokaneng,-19.6667,22.2667,68.02,40,0,clear sky,7.74,BW,1651176403
baghmara,23.795,86.2085,84.36,44,0,clear sky,8.05,IN,1651176403
buta,2.7858,24.73,72.23,90,100,overcast clouds,1.39,CD,1651176404
cienfuegos,22.1461,-80.4356,82.54,61,15,few clouds,11.5,CU,1651176404
jalalabad,34.4265,70.4515,80.51,30,97,overcast clouds,2.91,AF,1651176404
broome,42.2506,-75.833,49.05,28,0,clear sky,17.27,US,1651176405
burnie,-41.0667,145.9167,62.92,93,64,broken clouds,2.39,AU,1651176406
price,39.5994,-110.8107,70.12,14,20,few clouds,20.71,US,1651176406
mindelo,16.8901,-24.9804,70.59,71,2,clear sky,19.39,CV,1651176406
nicolas bravo,18.45,-88.9167,81.0,72,77,broken clouds,5.19,MX,1651176407
aptos,36.9772,-121.8994,66.31,53,75,broken clouds,16.11,US,1651176408
shalinskoye,55.7228,93.7594,42.24,64,55,broken clouds,10.58,RU,1651176408
jandiala,31.1667,75.6167,87.62,13,77,broken clouds,2.26,IN,1651176408
melilla,35.2937,-2.9383,62.98,82,75,broken clouds,5.75,ES,1651176409
bowen,-20.0167,148.2333,72.28,86,74,broken clouds,12.75,AU,1651176409
villazon,-22.0866,-65.5942,65.52,16,60,broken clouds,16.78,BO,1651176410
mbanza-ngungu,-5.25,14.8667,68.74,94,94,moderate rain,1.05,CD,1651176410
mount isa,-20.7333,139.5,74.97,73,40,scattered clouds,8.05,AU,1651176410
marfino,55.7028,37.3822,42.71,67,75,light intensity shower rain,6.71,RU,1651176411
the pas,53.8251,-101.2541,46.35,70,100,overcast clouds,9.01,CA,1651176411
charters towers,-20.1,146.2667,66.81,89,20,few clouds,6.29,AU,1651176411
demyansk,57.643,32.466,32.2,71,96,overcast clouds,3.85,RU,1651176412
voh,-20.9667,164.7,69.62,96,100,overcast clouds,6.13,NC,1651176413
sao joao do piaui,-8.3581,-42.2467,91.0,34,65,broken clouds,11.39,BR,1651176413
codrington,-38.2667,141.9667,64.8,68,74,broken clouds,14.23,AU,1651176413
itaituba,-4.2761,-55.9836,86.45,69,91,overcast clouds,2.57,BR,1651176140
hualmay,-11.0964,-77.6139,70.39,79,80,broken clouds,7.38,PE,1651176414
mataram,-8.5833,116.1167,77.81,86,91,overcast clouds,5.55,ID,1651176414
faanui,-16.4833,-151.75,81.55,71,7,light rain,23.8,PF,1651176415
massakory,12.996,15.7293,90.72,30,21,few clouds,6.35,TD,1651176415
lazaro cardenas,17.9583,-102.2,86.31,52,2,clear sky,11.63,MX,1651176416
urumqi,43.801,87.6005,50.95,43,0,clear sky,4.47,CN,1651176417
palana,59.1167,159.9667,31.89,77,15,few clouds,22.24,RU,1651176417
bereznik,62.8551,42.7072,28.24,87,92,overcast clouds,7.02,RU,1651176417
wanning,18.8003,110.3967,78.73,95,100,overcast clouds,4.07,CN,1651176418
matara,5.9485,80.5353,80.51,82,100,overcast clouds,5.44,LK,1651176418
lovington,32.944,-103.3485,88.65,9,0,clear sky,7.0,US,1651176321
cape canaveral,28.4058,-80.6048,81.07,66,0,clear sky,18.41,US,1651176400
clyde river,70.4692,-68.5914,10.69,79,100,overcast clouds,5.14,CA,1651176480
gornyak,50.9942,81.4661,54.32,39,3,clear sky,6.8,RU,1651176480
kozluk,38.1938,41.4885,61.05,80,98,overcast clouds,4.81,TR,1651176480
turukhansk,65.8167,87.9833,33.48,99,100,light snow,7.61,RU,1651176481
ulladulla,-35.35,150.4667,62.13,89,2,clear sky,6.73,AU,1651176481
diego de almagro,-26.3667,-70.05,79.02,18,0,clear sky,10.69,CL,1651176482
kampot,10.6167,104.1833,75.25,83,95,overcast clouds,4.34,KH,1651176482
doha,25.2867,51.5333,80.58,65,45,scattered clouds,14.97,QA,1651176483
qaqortoq,60.7167,-46.0333,43.57,69,100,overcast clouds,4.12,GL,1651176483
araouane,18.9048,-3.5265,82.02,9,0,clear sky,4.18,ML,1651176484
poum,-20.2333,164.0167,74.7,82,100,overcast clouds,9.69,NC,1651176484
guayaramerin,-10.8368,-65.3614,84.18,67,100,light rain,1.16,BO,1651176484
hanzhong,33.0728,107.0303,52.72,92,0,clear sky,2.64,CN,1651176485
pijijiapan,15.7011,-93.23,90.48,55,22,few clouds,7.56,MX,1651176485
bonavista,48.6499,-53.1147,39.04,82,100,overcast clouds,8.01,CA,1651176486
barrow,71.2906,-156.7887,6.82,78,100,light snow,18.41,US,1651176486
vysotsk,60.6288,28.5705,31.93,98,100,light snow,12.46,RU,1651176487
vardo,70.3705,31.1107,19.38,93,100,snow,24.16,NO,1651176487
soyo,-6.1349,12.3689,77.88,91,100,overcast clouds,8.5,AO,1651176487
tirur,10.9,75.9167,83.39,82,95,overcast clouds,4.03,IN,1651176488
san patricio,28.017,-97.5169,87.75,52,20,few clouds,19.82,US,1651176488
maldonado,-34.6667,-54.9167,58.39,55,0,clear sky,15.86,UY,1651176489
saint-pierre,-21.3393,55.4781,74.91,75,0,clear sky,5.75,RE,1651176489
margate,51.3813,1.3862,49.3,76,100,overcast clouds,5.01,GB,1651176490
pangkalanbuun,-2.6833,111.6167,74.86,99,99,overcast clouds,0.83,ID,1651176490
kysyl-syr,63.8986,122.7617,13.05,97,42,scattered clouds,1.97,RU,1651176491
maniitsoq,65.4167,-52.9,29.46,98,100,snow,1.99,GL,1651176491
puerto escondido,15.85,-97.0667,88.63,66,40,scattered clouds,9.22,MX,1651176383
xam nua,20.4197,104.0439,69.6,91,50,scattered clouds,2.08,LA,1651176492
vega de alatorre,20.0333,-96.6333,83.79,63,18,few clouds,13.78,MX,1651176492
cintalapa,16.6951,-93.7272,84.9,49,80,broken clouds,10.58,MX,1651176492
vostok,46.4856,135.8833,27.37,82,1,clear sky,3.69,RU,1651176493
souillac,-20.5167,57.5167,71.98,94,20,few clouds,5.75,MU,1651176494
bara,10.3744,10.7288,91.56,28,67,broken clouds,5.26,NG,1651176494
biu,10.6129,12.1946,85.71,34,80,broken clouds,2.59,NG,1651176494
bardiyah,31.7561,25.0865,65.5,74,0,clear sky,14.99,LY,1651176495
viedma,-40.8135,-62.9967,51.4,39,41,scattered clouds,18.75,AR,1651176495
monte gordo,37.1819,-7.4523,66.25,73,48,scattered clouds,0.83,PT,1651176341
okha,53.5739,142.9478,28.24,93,100,light snow,18.3,RU,1651176496
bobrovka,54.047,61.7455,61.3,52,97,overcast clouds,5.06,RU,1651176496
bundaberg,-24.85,152.35,65.21,99,53,broken clouds,6.91,AU,1651176497
tooele,40.5308,-112.2983,70.68,27,100,overcast clouds,19.46,US,1651176497
henties bay,-22.116,14.2845,65.26,65,3,clear sky,2.73,NA,1651176498
fort frances,48.5999,-93.4003,52.16,35,0,clear sky,10.36,CA,1651176498
kuytun,54.3419,101.5036,39.04,95,100,light rain,6.87,RU,1651176558
abu dhabi,24.4667,54.3667,81.97,71,100,overcast clouds,9.19,AE,1651176415
roma,43.2128,-75.4557,49.51,32,0,clear sky,21.99,US,1651176534
likasi,-10.9814,26.7333,58.69,98,18,few clouds,4.03,CD,1651176560
oktyabrskoye,43.0645,44.7417,58.35,82,100,light rain,6.71,RU,1651176560
vestmannaeyjar,63.4427,-20.2734,46.83,77,15,few clouds,3.78,IS,1651176560
tumpat,6.1978,102.171,78.33,82,86,overcast clouds,2.91,MY,1651176561
panjakent,39.4952,67.6093,68.94,39,100,overcast clouds,5.44,TJ,1651176561
kabanjahe,3.1001,98.4908,64.06,97,99,overcast clouds,2.71,ID,1651176438
lar,26.2039,83.9717,85.57,26,0,clear sky,8.57,IN,1651176562
poltava,49.5937,34.5407,50.61,64,100,overcast clouds,7.83,UA,1651176562
belaya gora,68.5333,146.4167,2.26,99,99,overcast clouds,1.95,RU,1651176563
mackenzie,55.2999,-123.1698,45.9,56,100,overcast clouds,3.36,CA,1651176563
great yarmouth,52.6083,1.7305,48.45,77,100,overcast clouds,10.38,GB,1651176564
rypefjord,70.6333,23.6667,25.27,86,100,light shower snow,8.05,NO,1651176372
haicheng,40.8516,122.7475,40.96,78,0,clear sky,3.24,CN,1651176564
kiama,-34.6833,150.8667,64.99,92,1,clear sky,5.37,AU,1651176565
tahta,26.7693,31.5021,84.31,5,56,broken clouds,5.66,EG,1651176565
ponnani,10.767,75.9252,83.52,81,94,overcast clouds,5.06,IN,1651176566
baruun-urt,46.6806,113.2792,33.37,39,57,broken clouds,12.12,MN,1651176566
pangnirtung,66.1451,-65.7125,21.2,68,75,light snow,25.32,CA,1651176567
kunmadaras,47.4333,20.8,48.09,93,30,scattered clouds,5.57,HU,1651176567
ratnagiri,16.9833,73.3,81.72,81,1,clear sky,0.29,IN,1651176567
mahibadhoo,3.7833,72.9667,83.7,76,100,overcast clouds,8.61,MV,1651176568
novo aripuana,-5.1206,-60.3797,83.37,83,94,overcast clouds,2.86,BR,1651176568
sao felix do xingu,-6.6447,-51.995,84.06,70,100,overcast clouds,3.53,BR,1651176349
manokwari,-0.8667,134.0833,78.03,77,100,overcast clouds,4.0,ID,1651176569
mikhaylovka,50.06,43.2379,47.7,65,48,scattered clouds,7.18,RU,1651176569
arawa,-6.2132,155.5367,76.69,88,97,overcast clouds,2.55,PG,1651176570
buraydah,26.326,43.975,72.05,54,25,scattered clouds,7.36,SA,1651176570
vaxjo,56.8777,14.8091,44.65,93,100,overcast clouds,3.44,SE,1651176571
cedral,23.8,-100.7333,79.66,25,0,clear sky,4.21,MX,1651176571
ust-omchug,61.15,149.6333,12.36,94,100,overcast clouds,8.3,RU,1651176571
lagoa,39.05,-27.9833,61.14,96,100,moderate rain,17.2,PT,1651176572
akyab,20.15,92.9,81.14,85,18,few clouds,7.07,MM,1651176573
porto novo,6.4965,2.6036,79.72,76,64,broken clouds,5.95,BJ,1651176573
grand-lahou,5.1367,-5.0242,79.47,82,98,overcast clouds,3.87,CI,1651176573
isla mujeres,21.2311,-86.731,84.25,67,3,clear sky,10.42,MX,1651176574
bambanglipuro,-7.95,110.2833,77.09,88,56,broken clouds,3.47,ID,1651176574
danane,7.2596,-8.155,72.32,96,99,light rain,1.16,CI,1651176575
pokhara,28.2333,83.9833,74.23,36,1,clear sky,6.6,NP,1651176575
mahon,39.8885,4.2658,59.56,88,75,broken clouds,16.11,ES,1651176575
los llanos de aridane,28.6585,-17.9182,62.35,91,40,scattered clouds,10.36,ES,1651176576
conakry,9.538,-13.6773,80.51,82,59,broken clouds,10.6,GN,1651176576
constitucion,-35.3333,-72.4167,59.5,53,0,clear sky,13.76,CL,1651176577
nikki,9.9401,3.2108,78.35,67,100,light rain,11.01,BJ,1651176637
salekhard,66.53,66.6019,12.38,88,100,overcast clouds,4.29,RU,1651176638
juneau,58.3019,-134.4197,46.22,86,75,broken clouds,10.36,US,1651176579
trincomalee,8.5711,81.2335,82.29,79,68,broken clouds,5.28,LK,1651176638
tiarei,-17.5333,-149.3333,84.22,75,19,light rain,23.64,PF,1651176639
altay,47.8667,88.1167,42.51,37,0,clear sky,8.57,CN,1651176639
chaman,30.9236,66.4512,75.88,20,29,scattered clouds,2.42,PK,1651176640
pontes e lacerda,-15.2261,-59.3353,89.71,48,20,few clouds,2.84,BR,1651176640
arlit,18.7369,7.3853,83.84,6,3,clear sky,9.33,NE,1651176641
marsabit,2.3284,37.9899,63.27,89,67,broken clouds,4.14,KE,1651176641
coihaique,-45.5752,-72.0662,45.21,86,20,few clouds,0.0,CL,1651176642
guantanamo,20.1444,-75.2092,81.97,50,62,broken clouds,11.27,CU,1651176642
san luis,-33.295,-66.3356,59.34,21,0,clear sky,18.45,AR,1651176643
palmer,42.1584,-72.3287,55.06,22,100,overcast clouds,8.99,US,1651176643
xushan,30.1764,121.2457,58.93,95,100,overcast clouds,12.12,CN,1651176643
luganville,-15.5333,167.1667,78.96,88,98,overcast clouds,5.75,VU,1651176644
guerrero negro,27.9769,-114.0611,66.45,56,0,clear sky,18.39,MX,1651176644
agadez,19.75,10.25,84.4,6,50,scattered clouds,10.85,NE,1651176645
hobyo,5.3505,48.5268,84.18,72,8,clear sky,13.2,SO,1651176645
zhelyabovka,45.3988,34.7578,51.94,69,0,clear sky,2.71,UA,1651176645
mumford,5.2618,-0.759,79.95,77,100,overcast clouds,5.21,GH,1651176646
mikun,62.3547,50.0771,21.72,85,6,clear sky,3.94,RU,1651176646
olinda,-8.0089,-34.8553,80.33,78,75,broken clouds,9.22,BR,1651176647
tallahassee,30.4383,-84.2807,86.0,34,75,broken clouds,6.91,US,1651176368
tanete,-3.9443,119.7848,75.6,96,100,overcast clouds,2.66,ID,1651176647
rassvet,46.8333,40.75,57.94,66,44,scattered clouds,2.91,RU,1651176648
adrar,20.5022,-10.0711,79.93,10,0,clear sky,6.11,MR,1651176648
baykit,61.67,96.37,38.05,99,100,light rain,4.14,RU,1651176648
burgeo,47.6167,-57.6152,41.5,82,100,overcast clouds,20.87,CA,1651176649
concarneau,47.875,-3.9225,59.79,77,77,broken clouds,10.22,FR,1651176649
izhma,65.0083,53.9113,24.58,77,3,clear sky,5.84,RU,1651176650
bagn,60.8225,9.5521,34.45,87,100,overcast clouds,3.24,NO,1651176650
urambo,-5.0667,32.05,64.22,95,8,clear sky,4.94,TZ,1651176650
saravan,39.7196,45.6483,49.06,78,57,broken clouds,5.91,AM,1651176651
along,28.1667,94.7667,66.69,85,83,broken clouds,2.15,IN,1651176651
tessalit,20.1986,1.0114,84.92,9,0,clear sky,9.01,ML,1651176652
jutai,-5.1833,-68.9,85.28,77,57,broken clouds,1.34,BR,1651176652
wabana,47.6332,-52.9481,45.68,81,100,overcast clouds,10.31,CA,1651176652
iralaya,15.0,-83.2333,83.14,67,3,clear sky,9.95,HN,1651176653
eureka,40.8021,-124.1637,58.68,65,26,scattered clouds,8.01,US,1651176653
deputatskiy,69.3,139.9,-1.98,98,89,overcast clouds,3.6,RU,1651176654
nyahururu,0.0421,36.3673,53.29,92,84,broken clouds,1.03,KE,1651176654
palimbang,6.2106,124.1894,78.69,84,100,overcast clouds,3.62,PH,1651176655
charlestown,-32.95,151.6667,64.81,97,33,scattered clouds,4.45,AU,1651176411
jacksonville,30.3322,-81.6556,81.01,49,40,scattered clouds,20.71,US,1651176461
bongandanga,1.5,21.05,70.39,94,84,broken clouds,0.49,CD,1651176655
raga,8.4596,25.678,82.31,51,100,overcast clouds,6.69,SS,1651176656
ahuimanu,21.4447,-157.8378,82.11,65,20,few clouds,12.66,US,1651176656
bilma,18.6853,12.9164,89.11,9,57,broken clouds,7.18,NE,1651176717
mildura,-34.2,142.15,59.07,100,75,broken clouds,5.75,AU,1651176717
zhoucheng,35.9122,116.3117,42.71,94,0,clear sky,5.73,CN,1651176718
bandarbeyla,9.4942,50.8122,83.41,77,24,few clouds,8.77,SO,1651176718
saint-georges,12.0564,-61.7485,79.75,82,100,overcast clouds,12.84,GD,1651176719
naranjal,-2.6667,-79.6167,79.61,83,100,overcast clouds,2.15,EC,1651176719
nouadhibou,20.931,-17.0347,64.98,83,1,clear sky,23.38,MR,1651176719
pavullo nel frignano,44.3315,10.835,51.37,44,0,clear sky,39.12,IT,1651176720
ukiah,39.1502,-123.2078,63.45,47,0,clear sky,13.8,US,1651176720
nioro,13.35,-15.75,87.93,29,1,clear sky,13.22,GM,1651176721
bubaque,11.2833,-15.8333,77.92,74,85,overcast clouds,19.69,GW,1651176721
touros,-5.1989,-35.4608,81.77,75,98,overcast clouds,14.67,BR,1651176721
cajamarca,-7.1638,-78.5003,66.27,55,75,broken clouds,10.36,PE,1651176722
otradnoye,59.7775,30.8181,36.97,62,100,overcast clouds,4.81,RU,1651176722
lorengau,-2.0226,147.2712,80.26,76,99,overcast clouds,0.29,PG,1651176723
bijar,35.8668,47.6051,52.92,62,100,overcast clouds,4.88,IR,1651176723
matagami,49.7502,-77.6328,34.0,78,100,overcast clouds,8.41,CA,1651176723
mount pleasant,32.7941,-79.8626,78.98,43,0,clear sky,9.22,US,1651176724
maceio,-9.6658,-35.7353,78.24,88,75,broken clouds,2.3,BR,1651176724
llano de piedra,7.6667,-80.5667,84.9,99,100,overcast clouds,8.57,PA,1651176725
mirnyy,62.5353,113.9611,22.5,94,91,overcast clouds,3.36,RU,1651176725
liverpool,53.4106,-2.9779,50.61,67,100,overcast clouds,6.91,GB,1651176541
loding,67.3,14.75,30.83,77,40,scattered clouds,5.75,NO,1651176726
russell,32.3502,-85.1999,81.68,24,0,clear sky,10.36,US,1651176578
nuuk,64.1835,-51.7216,34.41,100,100,light rain and snow,31.07,GL,1651176727
saluzzo,44.6464,7.4862,61.39,58,1,clear sky,5.75,IT,1651176727
whitehorse,60.7161,-135.0538,46.02,62,100,overcast clouds,8.99,CA,1651176728
lively,46.4334,-81.1498,52.38,28,0,clear sky,6.89,CA,1651176728
gummersbach,51.0333,7.55,53.19,83,14,few clouds,5.77,DE,1651176729
xudat,41.631,48.681,60.42,73,81,broken clouds,3.29,AZ,1651176729
rengo,-34.4167,-70.8667,64.72,45,0,clear sky,4.68,CL,1651176729
taltal,-25.4,-70.4833,66.61,74,25,scattered clouds,5.93,CL,1651176730
honiara,-9.4333,159.95,77.76,85,92,overcast clouds,3.53,SB,1651176731
anzio,41.4853,12.6179,64.15,72,3,clear sky,0.76,IT,1651176735
linxia,35.6003,103.2064,49.69,64,100,moderate rain,3.65,CN,1651176735
dana point,33.467,-117.6981,71.31,71,15,few clouds,5.99,US,1651176736
basco,20.4487,121.9702,82.44,85,6,clear sky,20.0,PH,1651176736
talara,-4.5772,-81.2719,77.76,65,0,clear sky,17.27,PE,1651176737
aldan,58.6031,125.3894,19.83,95,99,overcast clouds,2.77,RU,1651176737
lucapa,-8.4192,20.7447,68.05,93,100,overcast clouds,3.0,AO,1651176738
hambantota,6.1241,81.1185,81.46,80,100,overcast clouds,8.55,LK,1651176738
mosquera,4.7059,-74.2302,53.69,100,75,broken clouds,6.91,CO,1651176739
jalu,29.0331,21.5482,88.72,9,100,overcast clouds,18.57,LY,1651176739
teguise,29.0605,-13.564,62.82,68,20,few clouds,21.85,ES,1651176739
sobolevo,54.4299,31.8996,35.71,59,4,clear sky,3.8,RU,1651176800
bam,29.106,58.357,80.69,18,1,clear sky,9.6,IR,1651176800
dingle,10.9995,122.6711,76.59,91,100,overcast clouds,6.69,PH,1651176801
port moresby,-9.4431,147.1797,75.52,88,66,broken clouds,3.36,PG,1651176801
gamba,-2.65,10.0,78.26,86,100,overcast clouds,3.0,GA,1651176802
westport,41.1415,-73.3579,58.28,21,0,clear sky,20.71,US,1651176721
shambu,9.5667,37.1,58.87,38,85,overcast clouds,0.56,ET,1651176802
naryan-mar,67.6713,53.087,18.68,93,96,overcast clouds,10.04,RU,1651176803
sibolga,1.7427,98.7792,76.71,90,100,overcast clouds,3.15,ID,1651176803
wamba,8.9333,8.6,80.55,58,81,broken clouds,2.64,NG,1651176804
dhidhdhoo,6.8833,73.1,84.6,71,15,few clouds,1.99,MV,1651176671
tigil,57.8,158.6667,32.61,81,13,few clouds,8.48,RU,1651176804
chara,56.9064,118.2631,21.36,73,49,scattered clouds,1.54,RU,1651176805
jumla,29.2747,82.1838,51.58,50,6,clear sky,4.36,NP,1651176805
gizo,-8.103,156.8419,82.51,75,100,overcast clouds,5.55,SB,1651176806
muisne,0.6,-80.0333,78.75,83,100,overcast clouds,11.81,EC,1651176806
brownsville,25.9018,-97.4975,86.0,66,75,broken clouds,20.71,US,1651176551
daan,33.0558,106.2958,54.45,91,87,overcast clouds,4.68,CN,1651176807
nishihara,26.1842,127.7558,78.46,94,75,broken clouds,17.27,JP,1651176807
peruibe,-24.32,-46.9983,82.98,65,92,overcast clouds,4.12,BR,1651176808
zhangjiakou,40.81,114.8794,46.06,75,69,broken clouds,3.06,CN,1651176808
hami,42.8,93.45,56.95,17,98,overcast clouds,12.06,CN,1651176809
lasem,-6.6922,111.4527,78.3,88,98,overcast clouds,2.44,ID,1651176809
canto do buriti,-8.11,-42.9444,91.4,34,67,broken clouds,6.71,BR,1651176809
ballitoville,-29.539,31.2144,67.24,74,0,clear sky,5.86,ZA,1651176810
castlemaine,-37.0667,144.2167,58.98,98,29,scattered clouds,4.7,AU,1651176810
kangaatsiaq,68.3065,-53.4641,25.63,80,100,overcast clouds,1.59,GL,1651176811
byadgi,14.6833,75.4833,80.8,69,54,broken clouds,9.51,IN,1651176811
yarmouth,41.7057,-70.2286,52.97,51,100,overcast clouds,18.99,US,1651176811
christchurch,-43.5333,172.6333,43.41,100,100,mist,0.0,NZ,1651176554
zheleznodorozhnyy,55.7503,38.0042,42.98,94,100,overcast clouds,3.56,RU,1651176812
kralendijk,12.15,-68.2667,82.38,74,100,overcast clouds,16.11,BQ,1651176812
college,64.8569,-147.8028,51.1,44,40,scattered clouds,1.99,US,1651176813
novoilinsk,51.6829,108.7143,24.82,72,0,clear sky,3.47,RU,1651176813
camocim,-2.9022,-40.8411,79.88,87,75,broken clouds,8.14,BR,1651176734
goundam,16.4145,-3.6708,88.21,8,2,clear sky,6.78,ML,1651176814
aksu,41.1231,80.2644,55.62,51,0,clear sky,9.33,CN,1651176814
great falls,47.5002,-111.3008,57.6,31,0,clear sky,4.61,US,1651176691
terrace bay,48.7834,-87.1,36.27,66,22,few clouds,4.59,CA,1651176815
usinsk,65.9939,57.5281,22.64,77,4,clear sky,9.71,RU,1651176815
peachtree city,33.3968,-84.5958,79.18,27,0,clear sky,5.75,US,1651176817
kokuy,52.2037,117.5529,30.0,64,78,light snow,3.06,RU,1651176736
karaton,-6.3424,106.1045,75.31,92,87,overcast clouds,4.0,ID,1651176817
bokoro,12.3807,17.0568,92.46,30,100,overcast clouds,9.13,TD,1651176818
lindsay,36.203,-119.0882,71.78,36,0,clear sky,10.42,US,1651176756
taguatinga,-12.3857,-46.5711,87.87,43,9,clear sky,4.0,BR,1651176818
nalut,30.3333,10.85,74.05,25,64,broken clouds,23.33,LY,1651176819
alexandria,31.2156,29.9553,66.45,66,1,clear sky,8.79,EG,1651176819
north platte,41.1239,-100.7654,75.11,42,90,overcast clouds,10.0,US,1651176819
ostrow mazowiecka,52.8024,21.8951,42.62,85,13,few clouds,3.8,PL,1651176880
opuwo,-18.0607,13.84,75.16,35,45,scattered clouds,3.53,NA,1651176881
riberalta,-10.9833,-66.1,93.4,52,75,broken clouds,0.0,BO,1651176881
itarema,-2.9248,-39.9167,79.66,86,91,overcast clouds,10.8,BR,1651176881
west fargo,46.875,-96.9004,55.02,53,20,few clouds,14.97,US,1651176882
davila,18.4726,120.5763,82.63,78,55,broken clouds,4.23,PH,1651176882
inhambane,-23.865,35.3833,69.35,81,71,light rain,5.91,MZ,1651176882
zagare,56.3592,23.25,36.55,70,92,overcast clouds,7.02,LT,1651176883
sovetskiy,61.3614,63.5842,35.55,98,100,light rain,5.95,RU,1651176884
luanda,-8.8368,13.2343,78.8,83,75,broken clouds,9.22,AO,1651176634
ozinki,51.1786,49.6769,48.67,68,2,clear sky,11.5,RU,1651176885
padang,-0.9492,100.3543,77.4,88,99,light rain,3.56,ID,1651176886
witu,-2.3889,40.4382,82.56,83,43,light rain,7.45,KE,1651176886
micheweni,-4.9667,39.8333,78.15,87,62,moderate rain,11.72,TZ,1651176886
praia da vitoria,38.7333,-27.0667,61.75,99,100,moderate rain,32.39,PT,1651176887
novovoronezh,51.3072,39.2173,45.84,78,36,scattered clouds,5.79,RU,1651176887
udachnyy,66.4167,112.4,25.27,88,100,overcast clouds,6.51,RU,1651176888
mujiayingzi,42.1167,118.7833,43.65,49,0,clear sky,7.14,CN,1651176888
tyrma,50.0833,132.1667,22.84,92,62,broken clouds,0.56,RU,1651176734
saint-ambroise,48.5501,-71.3324,46.89,50,90,overcast clouds,12.15,CA,1651176889
rio gallegos,-51.6226,-69.2181,46.45,61,75,broken clouds,25.32,AR,1651176889
abnub,27.2696,31.1511,82.11,8,52,broken clouds,6.17,EG,1651176890
xiaolan,22.6731,113.2295,82.09,77,3,clear sky,6.04,CN,1651176890
faya,18.3851,42.4509,61.32,42,0,clear sky,0.36,SA,1651176890
benalla,-36.55,145.9833,56.95,96,3,clear sky,5.59,AU,1651176891
stornoway,58.2093,-6.3865,50.94,74,100,overcast clouds,8.05,GB,1651176891
bay city,43.5945,-83.8889,52.41,45,0,clear sky,6.91,US,1651176892
pachora,20.6667,75.35,92.88,17,31,scattered clouds,6.89,IN,1651176892
northam,51.0333,-4.2167,51.66,74,90,overcast clouds,6.8,GB,1651176717
oussouye,12.485,-16.5469,76.51,63,0,clear sky,11.88,SN,1651176893
dunmore town,25.5,-76.65,74.77,66,0,clear sky,3.89,BS,1651176893
nome,64.5011,-165.4064,39.27,75,100,overcast clouds,17.27,US,1651176752
cockburn town,21.4612,-71.1419,75.58,58,41,scattered clouds,11.12,TC,1651176894
rosiori,44.8,27.3833,55.29,86,96,overcast clouds,2.17,RO,1651176894
yunhe,34.0833,119.7167,46.42,92,48,scattered clouds,6.46,CN,1651176895
katima mulilo,-17.5,24.2667,65.57,67,3,clear sky,5.73,NA,1651176895
solnechnyy,50.7214,136.6319,26.04,84,57,broken clouds,4.5,RU,1651176896
rusne,55.2964,21.3758,39.67,63,25,scattered clouds,4.59,LT,1651176896
salto,-31.3833,-57.9667,69.96,60,20,few clouds,10.36,UY,1651176897
camacha,33.0833,-16.3333,60.22,67,20,few clouds,6.91,PT,1651176897
barranca,-10.75,-77.7667,69.69,78,100,overcast clouds,8.21,PE,1651176898
menomonie,44.8755,-91.9193,48.78,53,86,overcast clouds,16.11,US,1651176898
kindia,10.0569,-12.8658,78.76,70,89,overcast clouds,4.65,GN,1651176898
alindao,5.0267,21.2088,73.56,83,74,broken clouds,0.38,CF,1651176899
fonte boa,-2.4959,-66.2662,82.06,91,100,overcast clouds,0.96,BR,1651176899
mareeba,-17.0,145.4333,70.52,93,100,overcast clouds,1.95,AU,1651176900
frederico westphalen,-27.3592,-53.3944,65.44,91,92,heavy intensity rain,4.47,BR,1651176900
ellisras,-23.6649,27.7443,62.13,51,27,scattered clouds,1.88,ZA,1651176961
karasjok,69.4719,25.5112,19.8,94,100,light snow,5.03,NO,1651176961
elbistan,38.2059,37.1983,62.47,35,9,clear sky,4.38,TR,1651176962
kirando,-7.4167,30.6,72.1,84,63,moderate rain,8.01,TZ,1651176962
kondagaon,19.6,81.6667,78.96,29,22,few clouds,5.32,IN,1651176963
carnduff,49.1667,-101.8009,36.45,100,100,overcast clouds,8.21,CA,1651176963
dharampur,20.5333,73.1833,85.05,50,8,clear sky,4.21,IN,1651176964
casino,-28.8667,153.05,66.78,100,100,overcast clouds,1.14,AU,1651176964
zhanaozen,43.3,52.8,72.09,35,10,clear sky,8.55,KZ,1651176965
muros,42.7762,-9.0603,59.09,72,52,broken clouds,10.29,ES,1651176965
vestmanna,62.1564,-7.1664,41.92,87,100,overcast clouds,4.61,FO,1651176966
horasan,40.0458,42.1728,54.01,82,100,light rain,2.84,TR,1651176966
prince albert,53.2001,-105.7677,53.55,54,40,scattered clouds,8.05,CA,1651176967
beyneu,45.3167,55.2,68.58,27,12,few clouds,12.01,KZ,1651176967
atambua,-9.1061,124.8925,70.97,89,53,broken clouds,4.0,ID,1651176968
mayumba,-3.432,10.6554,78.44,86,100,overcast clouds,3.71,GA,1651176968
togur,58.3631,82.8265,54.32,91,87,overcast clouds,9.78,RU,1651176969
passo de camaragibe,-9.2368,-35.4901,78.35,88,93,overcast clouds,5.82,BR,1651176970
srednekolymsk,67.45,153.6833,9.95,94,99,overcast clouds,5.46,RU,1651176970
nanakuli,21.3906,-158.1547,82.35,55,0,clear sky,17.27,US,1651176971
jasper,37.2001,-94.3502,72.1,63,75,broken clouds,11.5,US,1651176730
caravelas,-17.7125,-39.2481,78.3,74,0,clear sky,5.3,BR,1651176972
manono,-7.3,27.4167,69.57,93,87,overcast clouds,4.45,CD,1651176972
xining,36.6167,101.7667,45.05,62,99,light rain,7.87,CN,1651176972
miraflores,19.2167,-98.8083,76.03,28,23,few clouds,3.2,MX,1651176973
ngaoundere,7.3167,13.5833,66.34,86,100,overcast clouds,2.98,CM,1651176973
yumen,40.2833,97.2,48.34,25,100,overcast clouds,6.2,CN,1651176974
victor harbor,-35.5667,138.6167,63.68,83,100,light rain,9.35,AU,1651176974
port blair,11.6667,92.75,82.58,81,100,overcast clouds,5.37,IN,1651176975
ronneby,56.21,15.276,43.3,87,97,overcast clouds,3.44,SE,1651176975
smithers,54.7804,-127.1743,52.12,40,20,few clouds,9.22,CA,1651176976
cocobeach,1.0002,9.5823,80.38,80,23,few clouds,5.1,GA,1651176976
harwich,51.9419,1.2844,48.51,79,100,overcast clouds,4.0,GB,1651176977
siniscola,40.5719,9.6922,53.15,59,85,overcast clouds,6.08,IT,1651176977
komsomolets,53.7453,62.0708,62.87,43,100,overcast clouds,14.54,KZ,1651176978
aykhal,66.0,111.5,22.19,88,100,overcast clouds,7.14,RU,1651176978
tres arroyos,-38.3739,-60.2798,51.42,42,15,few clouds,14.16,AR,1651176979
lodwar,3.1191,35.5973,77.74,71,100,overcast clouds,2.01,KE,1651176979
sungaipenuh,-2.0833,101.3833,65.98,96,100,heavy intensity rain,1.41,ID,1651176979
kukuna,9.4,-12.6667,83.48,71,100,light rain,9.15,SL,1651176980
sinnamary,5.3833,-52.95,81.5,78,76,broken clouds,11.21,GF,1651176980
gunnedah,-30.9833,150.25,64.58,79,97,overcast clouds,0.98,AU,1651176981
tuatapere,-46.1333,167.6833,44.6,94,25,scattered clouds,4.16,NZ,1651176981
virginia beach,36.8529,-75.978,63.01,43,0,clear sky,10.36,US,1651176787
tuy hoa,13.0833,109.3,77.36,94,100,overcast clouds,3.6,VN,1651176982
nara,34.6851,135.8049,64.49,65,98,overcast clouds,4.36,JP,1651176982
leningradskiy,69.3833,178.4167,18.59,93,100,overcast clouds,3.22,RU,1651176983
ihosy,-22.4,46.1167,61.18,89,87,overcast clouds,13.06,MG,1651176983
komsomolskiy,40.4272,71.7189,65.12,59,100,overcast clouds,4.61,UZ,1651176984
roi et,15.75,103.75,81.75,74,100,light rain,6.06,TH,1651177044
beloha,-25.1667,45.05,66.58,65,72,broken clouds,10.18,MG,1651177045
kizukuri,40.8061,140.3861,43.95,72,100,overcast clouds,1.72,JP,1651177045
mikulovice,50.2985,17.3215,47.35,74,57,broken clouds,3.78,CZ,1651177046
kuvshinovo,57.0295,34.1725,30.97,61,47,scattered clouds,3.22,RU,1651177046
juxtlahuaca,17.4294,-99.1467,93.22,26,29,scattered clouds,4.7,MX,1651177047
luxor,25.6989,32.6421,86.34,7,1,clear sky,6.87,EG,1651177047
shepsi,44.0361,39.1489,57.09,92,86,overcast clouds,8.39,RU,1651177048
okhotsk,59.3833,143.3,26.15,74,100,overcast clouds,16.37,RU,1651177048
porto nacional,-10.7081,-48.4172,89.6,71,98,overcast clouds,2.71,BR,1651177049
north bend,43.4065,-124.2243,55.17,85,100,overcast clouds,12.66,US,1651176925
mnogovershinnyy,53.9353,139.9242,22.75,87,100,overcast clouds,7.31,RU,1651177050
brisbane,-27.4679,153.0281,68.14,95,75,broken clouds,6.91,AU,1651176783
galich,58.3797,42.3475,28.45,51,14,few clouds,3.83,RU,1651177050
morondava,-20.2833,44.2833,75.87,56,0,clear sky,9.55,MG,1651177051
vanavara,60.34,102.2797,33.12,97,81,broken clouds,6.13,RU,1651177052
conde,-7.2597,-34.9075,78.26,94,40,scattered clouds,6.91,BR,1651177052
las lomas,8.4333,-82.4,85.41,66,40,scattered clouds,5.75,PA,1651177052
agas,46.4833,26.2167,48.07,99,100,overcast clouds,2.75,RO,1651177053
monclova,26.9,-101.4167,85.48,48,0,clear sky,9.22,MX,1651177053
kariba,-16.5167,28.8,67.91,68,78,broken clouds,5.21,ZW,1651177053
natal,-5.795,-35.2094,81.25,89,75,broken clouds,9.22,BR,1651176778
catamarca,-28.4696,-65.7852,71.58,43,37,scattered clouds,11.32,AR,1651177054
saint-francois,46.4154,3.9054,56.64,72,0,clear sky,2.3,FR,1651177054
chapais,49.7834,-74.8492,35.38,52,6,clear sky,13.04,CA,1651177055
tutoia,-2.7619,-42.2744,79.92,89,68,broken clouds,7.02,BR,1651177055
kousseri,12.0769,15.0306,90.64,35,17,few clouds,3.44,CM,1651177056
sesheke,-17.4759,24.2968,65.43,67,3,clear sky,5.79,ZM,1651177056
katobu,-4.9408,122.5276,74.53,94,66,broken clouds,1.72,ID,1651177057
gangarampur,25.4,88.5167,83.21,63,0,clear sky,6.64,IN,1651177057
point fortin,10.1833,-61.6833,86.9,73,38,scattered clouds,13.15,TT,1651177058
qeshm,26.9581,56.2719,82.27,71,0,clear sky,10.0,IR,1651177058
leh,34.1667,77.5833,45.81,52,100,overcast clouds,5.82,IN,1651177059
